# Host: localhost  (Version 5.7.19)
# Date: 2019-06-11 22:58:47
# Generator: MySQL-Front 6.1  (Build 1.26)


#
# Structure for table "books"
#

DROP TABLE IF EXISTS `books`;
CREATE TABLE `books` (
  `id` bigint(20) unsigned NOT NULL AUTO_INCREMENT,
  `created_at` timestamp NULL DEFAULT NULL,
  `updated_at` timestamp NULL DEFAULT NULL,
  PRIMARY KEY (`id`)
) ENGINE=InnoDB DEFAULT CHARSET=utf8 COLLATE=utf8_unicode_ci;

#
# Data for table "books"
#


#
# Structure for table "comments"
#

DROP TABLE IF EXISTS `comments`;
CREATE TABLE `comments` (
  `id` bigint(20) unsigned NOT NULL AUTO_INCREMENT,
  `content` varchar(255) COLLATE utf8_unicode_ci NOT NULL,
  `post_id` int(11) NOT NULL,
  `user_id` int(11) NOT NULL,
  `created_at` timestamp NULL DEFAULT NULL,
  `updated_at` timestamp NULL DEFAULT NULL,
  PRIMARY KEY (`id`)
) ENGINE=InnoDB AUTO_INCREMENT=52 DEFAULT CHARSET=utf8 COLLATE=utf8_unicode_ci;

#
# Data for table "comments"
#

INSERT INTO `comments` VALUES (1,'Illum et iure placeat ut. Praesentium aliquid aperiam et non. Doloremque sapiente vel aliquid unde quod consequatur.',1,1,'2019-06-08 21:27:28','2019-06-08 21:27:28'),(2,'Itaque at quisquam rerum. Quas sed aut sed qui voluptatem. Omnis fugit animi omnis repellat rerum. Consequatur non doloribus nam rerum.',1,1,'2019-06-08 21:27:28','2019-06-08 21:27:28'),(3,'Dolore aut enim aut maxime. Hic aut fugiat atque sit. Inventore nesciunt voluptatem rerum itaque. Placeat hic molestiae voluptas illo qui consequuntur ut. Consequatur est aut sint sapiente.',1,1,'2019-06-08 21:27:28','2019-06-08 21:27:28'),(4,'Et rem et quis dolor consequuntur quasi qui. A cum beatae aliquam ipsum est accusamus. Consequuntur odio laudantium iste commodi autem vero. Sapiente unde rem occaecati maxime accusamus quia.',1,1,'2019-06-08 21:27:28','2019-06-08 21:27:28'),(5,'Et facilis velit et ut. Fugiat et eveniet repellat culpa delectus omnis voluptas. Doloremque ut omnis omnis quas exercitationem possimus nostrum. Et nobis aut voluptas possimus non pariatur.',1,1,'2019-06-08 21:27:28','2019-06-08 21:27:28'),(6,'Quod eum et totam et. Voluptates nostrum laboriosam dolor quo eveniet saepe non. Voluptatibus omnis id reprehenderit impedit quos et reprehenderit.',1,1,'2019-06-08 21:27:28','2019-06-08 21:27:28'),(7,'Animi et dolorem ab iste aut voluptate non. Qui aspernatur alias quas vero veritatis laborum. Temporibus maiores nam quidem. Et ut eius modi natus facilis quia.',1,1,'2019-06-08 21:27:28','2019-06-08 21:27:28'),(8,'Autem sunt id quas. Voluptatem et veritatis velit hic. Velit dolore cupiditate earum voluptatibus aut non quisquam. Reiciendis cupiditate ad aspernatur.',1,1,'2019-06-08 21:27:28','2019-06-08 21:27:28'),(9,'Veniam dolorem officia quam velit. Quasi odit perspiciatis aut enim. Et voluptatem assumenda maxime minima similique animi. Cupiditate debitis consequatur et assumenda.',1,1,'2019-06-08 21:27:28','2019-06-08 21:27:28'),(10,'Dolores nihil ut nam aut distinctio. Quia autem culpa cumque ut quia commodi non. Atque sapiente exercitationem quos et ut consequatur quos et. Nihil in magnam omnis fugiat.',1,1,'2019-06-08 21:27:29','2019-06-08 21:27:29'),(11,'Placeat magni voluptas in ex ullam et enim. Omnis provident similique molestias. Delectus deleniti quod iste aliquid.',1,1,'2019-06-08 21:27:29','2019-06-08 21:27:29'),(12,'Impedit rerum earum dolorem blanditiis iusto. Et omnis facilis et quos et nihil.',1,1,'2019-06-08 21:27:29','2019-06-08 21:27:29'),(13,'Ea dolore expedita eum eum molestias. Dolorem cupiditate accusamus voluptatum consectetur maxime aspernatur aut aut.',1,1,'2019-06-08 21:27:29','2019-06-08 21:27:29'),(14,'Qui animi aliquid culpa maxime quos aut quaerat. Aperiam ut est minus sapiente saepe illo. Mollitia fugit deleniti aut excepturi dolore repellat.',1,1,'2019-06-08 21:27:29','2019-06-08 21:27:29'),(15,'Id voluptatem veniam a eligendi. Expedita voluptatem modi similique animi et. Temporibus et temporibus quas facere a nihil. Impedit veritatis occaecati qui.',1,1,'2019-06-08 21:27:29','2019-06-08 21:27:29'),(16,'Officia dolores ipsam quod exercitationem. Maiores ut qui debitis vel. Consectetur error qui et pariatur autem sit mollitia cupiditate. Fugiat illo necessitatibus accusamus et est magni omnis.',1,1,'2019-06-08 21:27:29','2019-06-08 21:27:29'),(17,'Enim est quia possimus quia omnis. Ad error consectetur sapiente rem sint suscipit aliquam.',1,1,'2019-06-08 21:27:29','2019-06-08 21:27:29'),(18,'Consequatur minima ducimus harum similique. Voluptas voluptatem iure autem voluptas aperiam modi in. Cumque maxime culpa assumenda nihil quod ut.',1,1,'2019-06-08 21:27:29','2019-06-08 21:27:29'),(19,'Adipisci aut vitae modi vitae similique quod saepe. Et qui placeat ab ut. Soluta assumenda laudantium ratione voluptates. Corrupti veniam a et voluptas hic rerum qui aspernatur.',1,1,'2019-06-08 21:27:29','2019-06-08 21:27:29'),(20,'Ratione ut laboriosam voluptatem ratione aperiam quo. Nam asperiores suscipit voluptatem deserunt. Modi ea eaque impedit exercitationem quis. Enim veritatis repudiandae laborum quidem.',1,1,'2019-06-08 21:27:29','2019-06-08 21:27:29'),(21,'Aliquid natus velit quis excepturi quia quo animi. Eaque amet consequatur voluptate dolorem officiis odio explicabo maiores. Dignissimos laborum odio similique qui non consequuntur unde et.',1,1,'2019-06-08 21:27:29','2019-06-08 21:27:29'),(22,'Suscipit aspernatur similique autem laudantium. Similique laborum debitis enim corporis illum magni est. Eum consequatur qui at soluta perferendis qui ex.',1,1,'2019-06-08 21:27:29','2019-06-08 21:27:29'),(23,'Ut qui illum omnis quia. Sit maiores suscipit quia tempore aut dolorem. Sint quasi earum quae id exercitationem odio.',1,1,'2019-06-08 21:27:29','2019-06-08 21:27:29'),(24,'Sed id dolorem tenetur vel. A et ratione ut fuga similique illum dignissimos. Enim repellendus voluptatum eius commodi.',1,1,'2019-06-08 21:27:29','2019-06-08 21:27:29'),(25,'Molestiae sequi sit illo repellat. Consectetur soluta fugiat consequatur. Nesciunt reiciendis eum est dolor. Nam illo reprehenderit maiores quod.',1,1,'2019-06-08 21:27:29','2019-06-08 21:27:29'),(26,'Officiis quia dolore praesentium doloremque. Officia dolorem soluta delectus atque et. Ullam fuga hic excepturi qui.',1,1,'2019-06-08 21:27:29','2019-06-08 21:27:29'),(27,'Aut ut aperiam quia mollitia. Numquam voluptas id tempore dolor quis blanditiis omnis. Totam maxime iusto sint saepe sint quia. Qui veritatis et consequuntur in impedit deserunt iusto.',1,1,'2019-06-08 21:27:29','2019-06-08 21:27:29'),(28,'Reiciendis inventore et rem minus. Tenetur optio ut hic dolores enim ipsam quis. Quisquam sit quo ut ea aliquid veniam animi.',1,1,'2019-06-08 21:27:29','2019-06-08 21:27:29'),(29,'Est est sit aliquid incidunt unde. Possimus non et voluptatem eos. Impedit alias dicta quia ut sequi. Ipsam unde sit reiciendis neque.',1,1,'2019-06-08 21:27:29','2019-06-08 21:27:29'),(30,'Qui sint voluptatem quis impedit voluptatem velit iste. Porro repudiandae debitis reiciendis consectetur.',1,1,'2019-06-08 21:27:29','2019-06-08 21:27:29'),(31,'Voluptas deleniti facere omnis vel. Enim et sunt aut quis sapiente alias est minima. Deserunt nisi dolores adipisci vel aut dolores. Corporis veritatis reiciendis numquam et itaque natus.',1,1,'2019-06-08 21:27:29','2019-06-08 21:27:29'),(32,'Sit expedita veniam sunt ducimus. Sed ut dolorem aliquid voluptates commodi eaque.',1,1,'2019-06-08 21:27:29','2019-06-08 21:27:29'),(33,'Quisquam alias qui ut commodi atque dolores molestiae. Sed pariatur veniam eaque tempore ut. Et ea itaque sequi.',1,1,'2019-06-08 21:27:29','2019-06-08 21:27:29'),(34,'Doloribus sed quia repudiandae fuga excepturi fugiat. Doloremque repellendus dolore placeat consequatur sit dignissimos. Necessitatibus accusantium placeat iste error sed est.',1,1,'2019-06-08 21:27:29','2019-06-08 21:27:29'),(35,'Aut quas ut cumque aliquam similique dolor ea. Quod omnis laboriosam harum et qui ea nam. Esse consequatur voluptatibus ipsa fuga dignissimos facere rerum. In qui sit ut sequi.',1,1,'2019-06-08 21:27:29','2019-06-08 21:27:29'),(36,'Magni inventore sed iste quis quis nihil. Et esse et ut magni recusandae consequuntur et. Et voluptas velit consequatur ut iste.',1,1,'2019-06-08 21:27:29','2019-06-08 21:27:29'),(37,'Adipisci repellendus quia rem vel cum facere qui. Aut non nostrum commodi pariatur occaecati in. Aut ea debitis ut quam eos nam at.',1,1,'2019-06-08 21:27:29','2019-06-08 21:27:29'),(38,'Nam repellat exercitationem illum et atque qui. Voluptas ipsam voluptas laborum voluptatem. Vitae iusto id deserunt autem asperiores at. Dolores mollitia id molestiae illo dolore voluptas dolorem.',1,1,'2019-06-08 21:27:29','2019-06-08 21:27:29'),(39,'Omnis similique vero dolor ipsa laboriosam ea a. Earum minus aut in a dolores. Perferendis sunt omnis aliquid aliquid non error velit cupiditate.',1,1,'2019-06-08 21:27:29','2019-06-08 21:27:29'),(40,'Ullam quod velit eveniet illo qui ut commodi. Quas sit vitae vero eveniet pariatur laborum. Natus necessitatibus in accusantium et sed. Minima deserunt consequatur qui et non.',1,1,'2019-06-08 21:27:30','2019-06-08 21:27:30'),(41,'Nulla nemo quaerat esse vel aperiam enim. Modi et corporis dolorum amet. Exercitationem accusantium assumenda eos autem. Eius aut quidem illo.',1,1,'2019-06-08 21:27:30','2019-06-08 21:27:30'),(42,'Mollitia ea nemo sed. Dignissimos consectetur quos non dolores repellat. Doloremque illo harum et est autem.',1,1,'2019-06-08 21:27:30','2019-06-08 21:27:30'),(43,'Et omnis eum facere. Sed rem suscipit iure nam veritatis architecto at. Velit temporibus maxime impedit in quisquam fugit quia. Facere architecto cum ducimus odit voluptas numquam vero.',1,1,'2019-06-08 21:27:30','2019-06-08 21:27:30'),(44,'Sed adipisci et rem nam et veritatis ratione. Quo totam velit modi et quidem. Corrupti est veniam nisi.',1,1,'2019-06-08 21:27:30','2019-06-08 21:27:30'),(45,'Ut harum illum aut iusto aliquam reprehenderit similique. Omnis et maxime magni. Quos hic illo quibusdam. Animi et quo eos earum est iure saepe. Porro natus quas soluta ad quam.',1,1,'2019-06-08 21:27:30','2019-06-08 21:27:30'),(46,'Autem eum qui itaque sint ipsam ratione. Et qui incidunt sed minima. Consectetur tenetur ratione voluptatem nihil consequatur.',1,1,'2019-06-08 21:27:30','2019-06-08 21:27:30'),(47,'Quis omnis et quia et aut. Quod id dolores distinctio rerum in recusandae illum. Aut dolores qui id dolores accusantium non. Sunt temporibus quos rerum.',1,1,'2019-06-08 21:27:30','2019-06-08 21:27:30'),(48,'Necessitatibus eveniet perspiciatis nam et quia. Consequatur dolorem natus quo id. Ratione dolor tenetur libero. Rem excepturi voluptatum natus ipsam in.',1,1,'2019-06-08 21:27:30','2019-06-08 21:27:30'),(49,'Placeat laudantium quas sunt facilis neque. Debitis illo reiciendis perferendis a in ut perspiciatis. Sit dolorem corporis aliquid dolor.',1,1,'2019-06-08 21:27:30','2019-06-08 21:27:30'),(50,'Id quasi ut molestiae quis aut modi. Iusto blanditiis molestiae minima illum sed dolore ducimus et. Veritatis similique et deserunt provident et sit qui. Non alias quis sapiente odio.',1,1,'2019-06-08 21:27:30','2019-06-08 21:27:30'),(51,'好看',31,51,'2019-06-08 22:17:12','2019-06-08 22:17:12');

#
# Structure for table "jobinfos"
#

DROP TABLE IF EXISTS `jobinfos`;
CREATE TABLE `jobinfos` (
  `id` bigint(20) unsigned NOT NULL AUTO_INCREMENT,
  `created_at` timestamp NULL DEFAULT NULL,
  `updated_at` timestamp NULL DEFAULT NULL,
  PRIMARY KEY (`id`)
) ENGINE=InnoDB DEFAULT CHARSET=utf8 COLLATE=utf8_unicode_ci;

#
# Data for table "jobinfos"
#


#
# Structure for table "migrations"
#

DROP TABLE IF EXISTS `migrations`;
CREATE TABLE `migrations` (
  `id` int(10) unsigned NOT NULL AUTO_INCREMENT,
  `migration` varchar(255) COLLATE utf8_unicode_ci NOT NULL,
  `batch` int(11) NOT NULL,
  PRIMARY KEY (`id`)
) ENGINE=InnoDB AUTO_INCREMENT=13 DEFAULT CHARSET=utf8 COLLATE=utf8_unicode_ci;

#
# Data for table "migrations"
#

INSERT INTO `migrations` VALUES (7,'2014_10_12_000000_create_users_table',1),(8,'2014_10_12_100000_create_password_resets_table',1),(9,'2019_06_08_153634_create_jobinfos',1),(10,'2019_06_08_154550_create_books',1),(11,'2019_06_08_212007_create_posts',1),(12,'2019_06_08_212027_create_comments',1);

#
# Structure for table "password_resets"
#

DROP TABLE IF EXISTS `password_resets`;
CREATE TABLE `password_resets` (
  `email` varchar(255) COLLATE utf8_unicode_ci NOT NULL,
  `token` varchar(255) COLLATE utf8_unicode_ci NOT NULL,
  `created_at` timestamp NULL DEFAULT NULL,
  KEY `password_resets_email_index` (`email`)
) ENGINE=InnoDB DEFAULT CHARSET=utf8 COLLATE=utf8_unicode_ci;

#
# Data for table "password_resets"
#


#
# Structure for table "posts"
#

DROP TABLE IF EXISTS `posts`;
CREATE TABLE `posts` (
  `id` bigint(20) unsigned NOT NULL AUTO_INCREMENT,
  `title` varchar(255) COLLATE utf8_unicode_ci NOT NULL,
  `content` text COLLATE utf8_unicode_ci NOT NULL,
  `created_at` timestamp NULL DEFAULT NULL,
  `updated_at` timestamp NULL DEFAULT NULL,
  PRIMARY KEY (`id`)
) ENGINE=InnoDB AUTO_INCREMENT=51 DEFAULT CHARSET=utf8 COLLATE=utf8_unicode_ci;

#
# Data for table "posts"
#

INSERT INTO `posts` VALUES (1,'Halie Frami','Sequi dolorem voluptates dicta et blanditiis. Inventore libero atque magnam. Commodi voluptas non autem. Ipsum aut natus est cum perferendis in dolorem.','2019-06-08 21:27:26','2019-06-08 21:27:26'),(2,'Desmond Ratke','Veritatis sit ea perferendis ut. Omnis accusamus molestiae ipsa velit suscipit quia. Suscipit rerum minima aspernatur voluptatum sit consequuntur.','2019-06-08 21:27:26','2019-06-08 21:27:26'),(3,'Jake Bosco','Porro veniam numquam perferendis. Non voluptas sit eaque cum quia molestias. Impedit aut nostrum tenetur sequi quis et at.','2019-06-08 21:27:27','2019-06-08 21:27:27'),(4,'Yasmeen Jerde','Quod rerum maxime debitis non suscipit. Omnis debitis repudiandae mollitia non voluptatem eveniet. Delectus et adipisci qui ut voluptatem doloribus magni aut.','2019-06-08 21:27:27','2019-06-08 21:27:27'),(5,'Lou Dooley','Amet id incidunt aperiam temporibus occaecati voluptatem. Veritatis voluptatum ratione dolores.','2019-06-08 21:27:27','2019-06-08 21:27:27'),(6,'Dr. Daphne Ruecker','Excepturi ex dolores ad eum occaecati qui porro. Labore accusantium et magnam eum impedit distinctio dolore consequuntur. Perspiciatis ab tempora voluptatem quidem inventore.','2019-06-08 21:27:27','2019-06-08 21:27:27'),(7,'Kathryn Padberg DVM','Quos nostrum dolorem numquam officiis voluptatibus. Sapiente nobis nostrum voluptatem minima exercitationem non. Est id amet voluptas quia voluptate qui sint.','2019-06-08 21:27:27','2019-06-08 21:27:27'),(8,'Lonny Thompson DVM','Et omnis nulla eligendi neque expedita nulla non. Explicabo magni minus est ullam sapiente libero. Aliquid dolores et consequuntur quia minus.','2019-06-08 21:27:27','2019-06-08 21:27:27'),(9,'Dr. Kenneth Howell','Dolorem et fuga magnam facere ipsam nobis fugiat. At earum hic est rerum enim deleniti. Possimus consequatur facilis quia consequatur dolorum quidem. Dolorum quasi voluptatem dolorem laboriosam.','2019-06-08 21:27:27','2019-06-08 21:27:27'),(10,'Dr. Pascale Jenkins','Illum quaerat suscipit minus placeat rem. Similique sequi laudantium autem reiciendis rem placeat dolor. Enim animi rerum assumenda et beatae eum expedita.','2019-06-08 21:27:27','2019-06-08 21:27:27'),(11,'Mrs. Cortney Wolf','Qui nam harum est amet aut explicabo. Libero ut deleniti non similique culpa. Aspernatur quaerat rerum sed suscipit sint atque. Placeat velit odio architecto suscipit corrupti voluptas.','2019-06-08 21:27:27','2019-06-08 21:27:27'),(12,'Bette Lang DVM','Consequatur repudiandae beatae fugit est. Magni dignissimos ducimus minus tempore a. Enim numquam hic enim nam autem.','2019-06-08 21:27:27','2019-06-08 21:27:27'),(13,'Claude Walter','Sed autem voluptatibus ipsum eos et. Commodi nobis et amet velit quia. Beatae natus illum ipsa est et. Quia tempora possimus quas doloremque rem quod. Ad ex illo qui vel architecto ratione.','2019-06-08 21:27:27','2019-06-08 21:27:27'),(14,'Keira Schowalter IV','Consequatur nam sed veritatis illum sed. Repellendus odit quibusdam adipisci quia. Perspiciatis vero et laudantium nobis animi. Quia est harum odit omnis aut odio.','2019-06-08 21:27:27','2019-06-08 21:27:27'),(15,'Hunter Fay Jr.','Consequuntur odit quibusdam modi. Totam vel ea consequatur sint et. Voluptates et omnis sint rem. Fuga et laudantium aliquam sit.','2019-06-08 21:27:27','2019-06-08 21:27:27'),(16,'Tony Runolfsson','Facilis odit ad quia repudiandae doloribus deleniti aut. Libero ea laborum cupiditate aut adipisci sunt. Officiis sint eaque ab fugit culpa dolore.','2019-06-08 21:27:27','2019-06-08 21:27:27'),(17,'Ellsworth Hegmann Sr.','Placeat quia et eos illo nulla commodi excepturi. Optio sed architecto neque dignissimos fugit.','2019-06-08 21:27:27','2019-06-08 21:27:27'),(18,'Rosalinda Grant','Est iste voluptas enim aut non. Ut dolorum aliquam quia recusandae quaerat. Et sint quisquam cupiditate voluptatum officiis dolor qui. Occaecati quia odio expedita omnis.','2019-06-08 21:27:27','2019-06-08 21:27:27'),(19,'Mariane Torp II','Magnam quae qui ut cupiditate deleniti quia amet ea. Animi et totam molestias voluptates ex. Repellendus explicabo quasi est non voluptas vel neque est.','2019-06-08 21:27:27','2019-06-08 21:27:27'),(20,'Mazie Kuhn','Voluptates sint velit animi. Dicta aliquam consequatur rerum nam est earum. Neque numquam quis sit odio harum commodi totam ullam. Consequatur atque et quia exercitationem.','2019-06-08 21:27:27','2019-06-08 21:27:27'),(21,'Mrs. Keara Cole PhD','Ipsum dolorem illo eos iusto harum ea maxime. Id aut tenetur qui vel quae ducimus vel eveniet. Facere ut molestiae vero labore.','2019-06-08 21:27:27','2019-06-08 21:27:27'),(22,'Astrid Green','Aut aut temporibus mollitia autem recusandae facere voluptatem. Repellat quo minima aliquid perspiciatis. Deserunt in nobis nobis architecto aut voluptatem.','2019-06-08 21:27:27','2019-06-08 21:27:27'),(23,'Jarod Davis','Qui molestias sint sint nisi. Doloremque quis sed delectus fuga corrupti dolores et.','2019-06-08 21:27:27','2019-06-08 21:27:27'),(24,'Henderson Hayes','Perferendis quia delectus quisquam libero laboriosam dignissimos porro eum. Sequi itaque et in eum. Nam dolores et iste quos fugiat.','2019-06-08 21:27:27','2019-06-08 21:27:27'),(25,'Eleazar Kemmer','Consectetur odio est eum. Error asperiores sit inventore eveniet voluptatem aspernatur unde. Suscipit recusandae aut voluptas mollitia aut consequatur.','2019-06-08 21:27:27','2019-06-08 21:27:27'),(26,'Ms. Adeline Orn DDS','Mollitia aperiam ipsa minima quo debitis sit. Voluptatum id distinctio a. Pariatur debitis et ab debitis.','2019-06-08 21:27:27','2019-06-08 21:27:27'),(27,'Salma Torp','Recusandae itaque quia minima aut incidunt et nobis. Quo animi minima recusandae voluptatibus voluptate. Ratione maxime nemo expedita accusantium molestiae.','2019-06-08 21:27:27','2019-06-08 21:27:27'),(28,'Lila Powlowski','Ipsa doloribus voluptates nam cupiditate eligendi enim aut. Qui blanditiis aut eum quo perferendis vel dolorem. Porro maxime sint qui dolorem suscipit nihil.','2019-06-08 21:27:27','2019-06-08 21:27:27'),(29,'Johnnie Zemlak','Exercitationem hic dicta ut aperiam ea itaque aut. Repellendus et fugiat voluptatem aperiam. Sapiente id sit facere amet inventore.','2019-06-08 21:27:27','2019-06-08 21:27:27'),(30,'Murl Mosciski','Voluptas illum distinctio nihil laboriosam libero placeat. Quas saepe itaque tempora ipsam vitae voluptatum. Officia aut nemo maiores et ad. Molestiae sed sint est doloremque fugit ipsam.','2019-06-08 21:27:27','2019-06-08 21:27:27'),(31,'Sonny Gislason','Consectetur qui est ut illum quo amet. Officiis perspiciatis mollitia quod nisi aspernatur. Odio sunt sit assumenda libero praesentium in eligendi.','2019-06-08 21:27:28','2019-06-08 21:27:28'),(32,'Mr. Brown Tillman','Quis quis qui magni ut. Officia rerum quia modi sit exercitationem delectus. Enim provident repudiandae nihil numquam est qui.','2019-06-08 21:27:28','2019-06-08 21:27:28'),(33,'Carolyne Bechtelar','Et vitae voluptate accusamus possimus natus nesciunt perspiciatis. Quod et dolor odit magni. Voluptas provident explicabo maxime sint possimus sunt illum.','2019-06-08 21:27:28','2019-06-08 21:27:28'),(34,'Torey Conn II','Aut quam voluptas et vel hic mollitia. Et ullam consequatur enim dolore odit rerum. Delectus totam veritatis aliquam sint harum. Quidem sit earum reprehenderit quod.','2019-06-08 21:27:28','2019-06-08 21:27:28'),(35,'Ansel Rutherford','Sapiente est quo rerum libero ut nihil. Et et animi aliquid hic ex molestias. Optio reprehenderit temporibus labore amet fuga repudiandae. Hic necessitatibus dolores quam ut.','2019-06-08 21:27:28','2019-06-08 21:27:28'),(36,'Keara Ullrich','Laudantium similique id deserunt voluptas tempore modi. Occaecati eligendi aliquid qui sed nisi. Sunt iure labore dolorem excepturi soluta et ea.','2019-06-08 21:27:28','2019-06-08 21:27:28'),(37,'Miss Shaina Farrell MD','Accusantium quia numquam quo aliquam. Quis expedita molestiae neque cum. Id quidem ut omnis fugit ipsum corporis quas.','2019-06-08 21:27:28','2019-06-08 21:27:28'),(38,'Hazle Schmidt','Omnis quas itaque quod velit nulla officia dolorum. Rerum sint tempora molestias et laudantium et ad. Quaerat quo et natus ipsum rerum praesentium.','2019-06-08 21:27:28','2019-06-08 21:27:28'),(39,'Ottis Hayes','Id omnis dolorem non incidunt error. Ratione consectetur ab et et voluptas. Officia odio est libero et.','2019-06-08 21:27:28','2019-06-08 21:27:28'),(40,'Prof. Myles Schaefer Sr.','Harum et possimus repellendus inventore consequuntur sunt tempora. Quas vel quia tempore hic odio ut. Excepturi autem et ea voluptatem.','2019-06-08 21:27:28','2019-06-08 21:27:28'),(41,'Mr. Brennan Wolf','Tenetur dolor suscipit dolorum non ut et beatae. Doloribus enim et rerum velit perspiciatis voluptatibus et. Totam est soluta rem fugiat minima. Dolorem in ut ab hic vero numquam.','2019-06-08 21:27:28','2019-06-08 21:27:28'),(42,'Newton Pagac','Et voluptatem commodi velit. Saepe quia in nihil eos. Sed eos quia repellat ex odio. Iusto qui explicabo id incidunt quam corporis. Architecto repellat iusto labore cumque.','2019-06-08 21:27:28','2019-06-08 21:27:28'),(43,'Sadie Bauch','Saepe iusto architecto exercitationem impedit voluptatem. Odio rem vel voluptatem qui. Non vel suscipit voluptatem voluptatem voluptas quia eos.','2019-06-08 21:27:28','2019-06-08 21:27:28'),(44,'Demario Fadel','Dolores repellat iure amet placeat. Aperiam quo et voluptatem voluptatum fugiat perferendis. Quo consequatur harum veniam qui. Rem harum optio hic amet aliquam hic.','2019-06-08 21:27:28','2019-06-08 21:27:28'),(45,'Vanessa Rogahn','Ea explicabo illum dolorum voluptatibus. Quas quaerat tempora sequi. Quaerat inventore et asperiores iste sint dolore. In et reiciendis delectus et tempora. Nesciunt accusantium quia provident autem.','2019-06-08 21:27:28','2019-06-08 21:27:28'),(46,'Tommie Kassulke','Qui quia id iusto in. Velit ratione vitae tempore delectus velit. Minus rerum repellat consequatur quae sed adipisci. Eius commodi sed cumque veniam voluptatem in recusandae quia.','2019-06-08 21:27:28','2019-06-08 21:27:28'),(47,'Prof. Orland Lakin PhD','Est ipsum possimus est quos velit. Ipsum at dolor sit ducimus rerum et dignissimos. Ab est qui qui iusto dolorem sed et. Fugiat assumenda quis cupiditate omnis aut.','2019-06-08 21:27:28','2019-06-08 21:27:28'),(48,'Nakia Nolan','Rerum at nisi similique veniam rerum eligendi. Eos veniam libero eveniet in delectus. Quis corporis itaque beatae voluptatem aperiam. Nam quo quis odit esse veritatis voluptas.','2019-06-08 21:27:28','2019-06-08 21:27:28'),(49,'Narciso Barton','Sequi nisi et sed facere. Fuga quos ut voluptatem a atque quo. Corporis earum id molestias facilis quam quas.','2019-06-08 21:27:28','2019-06-08 21:27:28'),(50,'Angelo Olson DVM','Et cum rem nesciunt consequuntur voluptates sit. Fuga exercitationem non rerum et in. Ex aliquid cumque atque facilis. Commodi magni voluptatem eaque non.','2019-06-08 21:27:28','2019-06-08 21:27:28');

#
# Structure for table "users"
#

DROP TABLE IF EXISTS `users`;
CREATE TABLE `users` (
  `id` bigint(20) unsigned NOT NULL AUTO_INCREMENT,
  `name` varchar(255) COLLATE utf8_unicode_ci NOT NULL,
  `email` varchar(255) COLLATE utf8_unicode_ci NOT NULL,
  `email_verified_at` timestamp NULL DEFAULT NULL,
  `password` varchar(255) COLLATE utf8_unicode_ci NOT NULL,
  `remember_token` varchar(100) COLLATE utf8_unicode_ci DEFAULT NULL,
  `created_at` timestamp NULL DEFAULT NULL,
  `updated_at` timestamp NULL DEFAULT NULL,
  PRIMARY KEY (`id`),
  UNIQUE KEY `users_email_unique` (`email`)
) ENGINE=InnoDB AUTO_INCREMENT=52 DEFAULT CHARSET=utf8 COLLATE=utf8_unicode_ci;

#
# Data for table "users"
#

INSERT INTO `users` VALUES (1,'Zaria Hyatt','kbayer@example.net','2019-06-08 21:27:25','$2y$10$92IXUNpkjO0rOQ5byMi.Ye4oKoEa3Ro9llC/.og/at2.uheWG/igi','SBE5XTMm3r','2019-06-08 21:27:25','2019-06-08 21:27:25'),(2,'Mr. Henry Cummerata','gabriella.koelpin@example.net','2019-06-08 21:27:25','$2y$10$92IXUNpkjO0rOQ5byMi.Ye4oKoEa3Ro9llC/.og/at2.uheWG/igi','b9c3Gq45hg','2019-06-08 21:27:25','2019-06-08 21:27:25'),(3,'Helena Emard','jayden.franecki@example.org','2019-06-08 21:27:25','$2y$10$92IXUNpkjO0rOQ5byMi.Ye4oKoEa3Ro9llC/.og/at2.uheWG/igi','9tlfF9VaCK','2019-06-08 21:27:25','2019-06-08 21:27:25'),(4,'Dr. Nicholaus Gutkowski','dorothy.johnson@example.net','2019-06-08 21:27:25','$2y$10$92IXUNpkjO0rOQ5byMi.Ye4oKoEa3Ro9llC/.og/at2.uheWG/igi','69AB4LxlXY','2019-06-08 21:27:25','2019-06-08 21:27:25'),(5,'Clint Raynor','tess.mckenzie@example.org','2019-06-08 21:27:25','$2y$10$92IXUNpkjO0rOQ5byMi.Ye4oKoEa3Ro9llC/.og/at2.uheWG/igi','KbinchwElt','2019-06-08 21:27:25','2019-06-08 21:27:25'),(6,'Trinity Tremblay','ursula29@example.org','2019-06-08 21:27:25','$2y$10$92IXUNpkjO0rOQ5byMi.Ye4oKoEa3Ro9llC/.og/at2.uheWG/igi','jgWsyXFnML','2019-06-08 21:27:25','2019-06-08 21:27:25'),(7,'Curtis Ruecker IV','kitty.grant@example.net','2019-06-08 21:27:25','$2y$10$92IXUNpkjO0rOQ5byMi.Ye4oKoEa3Ro9llC/.og/at2.uheWG/igi','qUOm5BCim2','2019-06-08 21:27:25','2019-06-08 21:27:25'),(8,'Nelda D\'Amore','clement.hudson@example.net','2019-06-08 21:27:25','$2y$10$92IXUNpkjO0rOQ5byMi.Ye4oKoEa3Ro9llC/.og/at2.uheWG/igi','42yonnBDrV','2019-06-08 21:27:25','2019-06-08 21:27:25'),(9,'Alessia Hintz','samara.emard@example.net','2019-06-08 21:27:25','$2y$10$92IXUNpkjO0rOQ5byMi.Ye4oKoEa3Ro9llC/.og/at2.uheWG/igi','YbDg8pCeBB','2019-06-08 21:27:25','2019-06-08 21:27:25'),(10,'August Fisher','casimer.harber@example.net','2019-06-08 21:27:25','$2y$10$92IXUNpkjO0rOQ5byMi.Ye4oKoEa3Ro9llC/.og/at2.uheWG/igi','eLiPuapm2P','2019-06-08 21:27:25','2019-06-08 21:27:25'),(11,'Carrie Feil','barrett.sawayn@example.net','2019-06-08 21:27:25','$2y$10$92IXUNpkjO0rOQ5byMi.Ye4oKoEa3Ro9llC/.og/at2.uheWG/igi','s8Yd5cQHQn','2019-06-08 21:27:25','2019-06-08 21:27:25'),(12,'Lesley Langworth Sr.','glueilwitz@example.com','2019-06-08 21:27:25','$2y$10$92IXUNpkjO0rOQ5byMi.Ye4oKoEa3Ro9llC/.og/at2.uheWG/igi','lH9twDnp1L','2019-06-08 21:27:25','2019-06-08 21:27:25'),(13,'Winnifred King MD','lavinia.fahey@example.net','2019-06-08 21:27:25','$2y$10$92IXUNpkjO0rOQ5byMi.Ye4oKoEa3Ro9llC/.og/at2.uheWG/igi','c018q43Dmb','2019-06-08 21:27:25','2019-06-08 21:27:25'),(14,'Fermin O\'Kon','enoch.gerhold@example.org','2019-06-08 21:27:25','$2y$10$92IXUNpkjO0rOQ5byMi.Ye4oKoEa3Ro9llC/.og/at2.uheWG/igi','pTb8ujMxSu','2019-06-08 21:27:25','2019-06-08 21:27:25'),(15,'Shany Marquardt','darien.kutch@example.org','2019-06-08 21:27:25','$2y$10$92IXUNpkjO0rOQ5byMi.Ye4oKoEa3Ro9llC/.og/at2.uheWG/igi','iGnIwxeH7g','2019-06-08 21:27:25','2019-06-08 21:27:25'),(16,'Clotilde Olson','aufderhar.dion@example.org','2019-06-08 21:27:25','$2y$10$92IXUNpkjO0rOQ5byMi.Ye4oKoEa3Ro9llC/.og/at2.uheWG/igi','AhxbM7yO7F','2019-06-08 21:27:25','2019-06-08 21:27:25'),(17,'Moshe Jast Sr.','destany.kling@example.net','2019-06-08 21:27:25','$2y$10$92IXUNpkjO0rOQ5byMi.Ye4oKoEa3Ro9llC/.og/at2.uheWG/igi','wsSIvKa8fA','2019-06-08 21:27:25','2019-06-08 21:27:25'),(18,'Ms. Belle Hoppe I','wintheiser.elda@example.net','2019-06-08 21:27:25','$2y$10$92IXUNpkjO0rOQ5byMi.Ye4oKoEa3Ro9llC/.og/at2.uheWG/igi','uxYfv8pqhh','2019-06-08 21:27:25','2019-06-08 21:27:25'),(19,'Teagan Dietrich','larson.hattie@example.com','2019-06-08 21:27:25','$2y$10$92IXUNpkjO0rOQ5byMi.Ye4oKoEa3Ro9llC/.og/at2.uheWG/igi','8sysmEQF7y','2019-06-08 21:27:25','2019-06-08 21:27:25'),(20,'Walter Dooley','christy84@example.org','2019-06-08 21:27:25','$2y$10$92IXUNpkjO0rOQ5byMi.Ye4oKoEa3Ro9llC/.og/at2.uheWG/igi','VnIz4nSm38','2019-06-08 21:27:25','2019-06-08 21:27:25'),(21,'Shad Effertz III','keshaun.sauer@example.org','2019-06-08 21:27:25','$2y$10$92IXUNpkjO0rOQ5byMi.Ye4oKoEa3Ro9llC/.og/at2.uheWG/igi','k4YCooCgsi','2019-06-08 21:27:25','2019-06-08 21:27:25'),(22,'Abelardo Sauer','kuvalis.burdette@example.com','2019-06-08 21:27:25','$2y$10$92IXUNpkjO0rOQ5byMi.Ye4oKoEa3Ro9llC/.og/at2.uheWG/igi','QLJN7wLhq4','2019-06-08 21:27:25','2019-06-08 21:27:25'),(23,'Gerson Feil','gerald.kessler@example.net','2019-06-08 21:27:25','$2y$10$92IXUNpkjO0rOQ5byMi.Ye4oKoEa3Ro9llC/.og/at2.uheWG/igi','mFj8YoCmA1','2019-06-08 21:27:26','2019-06-08 21:27:26'),(24,'Jon Parker','christiansen.nikko@example.net','2019-06-08 21:27:25','$2y$10$92IXUNpkjO0rOQ5byMi.Ye4oKoEa3Ro9llC/.og/at2.uheWG/igi','o9FVf9VytF','2019-06-08 21:27:26','2019-06-08 21:27:26'),(25,'Delfina Streich','scarlett14@example.net','2019-06-08 21:27:25','$2y$10$92IXUNpkjO0rOQ5byMi.Ye4oKoEa3Ro9llC/.og/at2.uheWG/igi','lni1A9wWC4','2019-06-08 21:27:26','2019-06-08 21:27:26'),(26,'Sylvia Gleichner','raoul.bahringer@example.com','2019-06-08 21:27:25','$2y$10$92IXUNpkjO0rOQ5byMi.Ye4oKoEa3Ro9llC/.og/at2.uheWG/igi','EnrXhOtpPE','2019-06-08 21:27:26','2019-06-08 21:27:26'),(27,'Foster Littel Sr.','hailey.lebsack@example.net','2019-06-08 21:27:25','$2y$10$92IXUNpkjO0rOQ5byMi.Ye4oKoEa3Ro9llC/.og/at2.uheWG/igi','uE1ArqotVo','2019-06-08 21:27:26','2019-06-08 21:27:26'),(28,'Prof. Cordelia Marks V','alessia.wolf@example.com','2019-06-08 21:27:25','$2y$10$92IXUNpkjO0rOQ5byMi.Ye4oKoEa3Ro9llC/.og/at2.uheWG/igi','TvsuZAPR1J','2019-06-08 21:27:26','2019-06-08 21:27:26'),(29,'Melba Schaden','hjakubowski@example.com','2019-06-08 21:27:25','$2y$10$92IXUNpkjO0rOQ5byMi.Ye4oKoEa3Ro9llC/.og/at2.uheWG/igi','9XjZk7Rred','2019-06-08 21:27:26','2019-06-08 21:27:26'),(30,'Allan Kreiger','schuster.lila@example.com','2019-06-08 21:27:25','$2y$10$92IXUNpkjO0rOQ5byMi.Ye4oKoEa3Ro9llC/.og/at2.uheWG/igi','PMVUA7Aq2j','2019-06-08 21:27:26','2019-06-08 21:27:26'),(31,'Coleman Konopelski','eryan@example.org','2019-06-08 21:27:25','$2y$10$92IXUNpkjO0rOQ5byMi.Ye4oKoEa3Ro9llC/.og/at2.uheWG/igi','KBUvXmSBNM','2019-06-08 21:27:26','2019-06-08 21:27:26'),(32,'Clint Kunde','ghackett@example.com','2019-06-08 21:27:25','$2y$10$92IXUNpkjO0rOQ5byMi.Ye4oKoEa3Ro9llC/.og/at2.uheWG/igi','UXeVy2soQU','2019-06-08 21:27:26','2019-06-08 21:27:26'),(33,'Ms. Caleigh Roberts III','devin89@example.org','2019-06-08 21:27:25','$2y$10$92IXUNpkjO0rOQ5byMi.Ye4oKoEa3Ro9llC/.og/at2.uheWG/igi','zrW4g5GGLc','2019-06-08 21:27:26','2019-06-08 21:27:26'),(34,'Abel Leannon','ibailey@example.org','2019-06-08 21:27:25','$2y$10$92IXUNpkjO0rOQ5byMi.Ye4oKoEa3Ro9llC/.og/at2.uheWG/igi','7tL0QYNKAZ','2019-06-08 21:27:26','2019-06-08 21:27:26'),(35,'Harrison O\'Kon','waelchi.bailey@example.net','2019-06-08 21:27:25','$2y$10$92IXUNpkjO0rOQ5byMi.Ye4oKoEa3Ro9llC/.og/at2.uheWG/igi','y47FqUhK8p','2019-06-08 21:27:26','2019-06-08 21:27:26'),(36,'Rosario Hodkiewicz','orville.ankunding@example.com','2019-06-08 21:27:25','$2y$10$92IXUNpkjO0rOQ5byMi.Ye4oKoEa3Ro9llC/.og/at2.uheWG/igi','DysdMeNg4d','2019-06-08 21:27:26','2019-06-08 21:27:26'),(37,'Krystel Breitenberg','ledner.shanny@example.com','2019-06-08 21:27:25','$2y$10$92IXUNpkjO0rOQ5byMi.Ye4oKoEa3Ro9llC/.og/at2.uheWG/igi','QMxhhtbHWb','2019-06-08 21:27:26','2019-06-08 21:27:26'),(38,'Raleigh Cartwright V','grant.gage@example.com','2019-06-08 21:27:25','$2y$10$92IXUNpkjO0rOQ5byMi.Ye4oKoEa3Ro9llC/.og/at2.uheWG/igi','8l8PpuEUND','2019-06-08 21:27:26','2019-06-08 21:27:26'),(39,'Mr. Arno White III','carmel53@example.com','2019-06-08 21:27:25','$2y$10$92IXUNpkjO0rOQ5byMi.Ye4oKoEa3Ro9llC/.og/at2.uheWG/igi','hx5d4LUFMO','2019-06-08 21:27:26','2019-06-08 21:27:26'),(40,'Dusty Kohler II','gwendolyn22@example.org','2019-06-08 21:27:25','$2y$10$92IXUNpkjO0rOQ5byMi.Ye4oKoEa3Ro9llC/.og/at2.uheWG/igi','tQu7FR8yPJ','2019-06-08 21:27:26','2019-06-08 21:27:26'),(41,'Cathy Tillman','keyshawn00@example.com','2019-06-08 21:27:25','$2y$10$92IXUNpkjO0rOQ5byMi.Ye4oKoEa3Ro9llC/.og/at2.uheWG/igi','i9RBXJyogv','2019-06-08 21:27:26','2019-06-08 21:27:26'),(42,'Mrs. Katelyn D\'Amore I','wlesch@example.com','2019-06-08 21:27:25','$2y$10$92IXUNpkjO0rOQ5byMi.Ye4oKoEa3Ro9llC/.og/at2.uheWG/igi','epvgVR1aLQ','2019-06-08 21:27:26','2019-06-08 21:27:26'),(43,'Fermin Bode','ratke.myles@example.net','2019-06-08 21:27:25','$2y$10$92IXUNpkjO0rOQ5byMi.Ye4oKoEa3Ro9llC/.og/at2.uheWG/igi','ucIdn9VpU7','2019-06-08 21:27:26','2019-06-08 21:27:26'),(44,'Brad Sawayn II','elta78@example.org','2019-06-08 21:27:25','$2y$10$92IXUNpkjO0rOQ5byMi.Ye4oKoEa3Ro9llC/.og/at2.uheWG/igi','n4jiiKyaKG','2019-06-08 21:27:26','2019-06-08 21:27:26'),(45,'Prof. Gerhard Senger PhD','leonie.leannon@example.net','2019-06-08 21:27:25','$2y$10$92IXUNpkjO0rOQ5byMi.Ye4oKoEa3Ro9llC/.og/at2.uheWG/igi','lykz54ilSw','2019-06-08 21:27:26','2019-06-08 21:27:26'),(46,'Alessandra Reichel','gutkowski.alvah@example.org','2019-06-08 21:27:25','$2y$10$92IXUNpkjO0rOQ5byMi.Ye4oKoEa3Ro9llC/.og/at2.uheWG/igi','JY2hOUTl5Y','2019-06-08 21:27:26','2019-06-08 21:27:26'),(47,'Kamille Jenkins','cornell.mcglynn@example.org','2019-06-08 21:27:25','$2y$10$92IXUNpkjO0rOQ5byMi.Ye4oKoEa3Ro9llC/.og/at2.uheWG/igi','9y9WVvwfMm','2019-06-08 21:27:26','2019-06-08 21:27:26'),(48,'Michele Reichert','jayce.adams@example.org','2019-06-08 21:27:25','$2y$10$92IXUNpkjO0rOQ5byMi.Ye4oKoEa3Ro9llC/.og/at2.uheWG/igi','Hrt9UMXIwB','2019-06-08 21:27:26','2019-06-08 21:27:26'),(49,'Emery Stehr','hettie.wiza@example.com','2019-06-08 21:27:25','$2y$10$92IXUNpkjO0rOQ5byMi.Ye4oKoEa3Ro9llC/.og/at2.uheWG/igi','Fp382Oq2ay','2019-06-08 21:27:26','2019-06-08 21:27:26'),(50,'Cassandre Franecki','kailee.reichel@example.net','2019-06-08 21:27:25','$2y$10$92IXUNpkjO0rOQ5byMi.Ye4oKoEa3Ro9llC/.og/at2.uheWG/igi','LiJ0GGmBYf','2019-06-08 21:27:26','2019-06-08 21:27:26'),(51,'test','test@qq.com',NULL,'$2y$10$SH6BmmSGeB5y3/D2Q1aNh.oZQSWywd0vGXp4uq.p4rpUFz1rMv/ua',NULL,'2019-06-08 21:36:59','2019-06-08 21:36:59');
